date,avg_hourly_earnings,cpi_all_items,cpi_core,cpi_energy,cpi_food,cpi_shelter,epop,lfpr,unemp_rate,headline_yoy_pct,core_yoy_pct,energy_yoy_pct,food_yoy_pct,shelter_yoy_pct,wage_yoy_pct,headline_minus_core_yoy
2015-01-01,24.74,234.747,239.811,199.926,245.764,274.762,59.3,62.9,5.7,,,,,,,
2015-02-01,24.79,235.342,240.172,203.021,246.056,275.47,59.2,62.7,5.5,,,,,,,
2015-03-01,24.85,235.976,240.755,205.757,245.685,276.258,59.2,62.6,5.4,,,,,,,
2015-04-01,24.89,236.222,241.346,203.577,245.615,277.003,59.3,62.8,5.4,,,,,,,
2015-05-01,24.97,237.001,241.688,208.973,245.886,277.524,59.4,62.9,5.6,,,,,,,
2015-06-01,24.97,237.657,242.064,212.015,246.511,278.284,59.4,62.7,5.3,,,,,,,
2015-07-01,25.01,238.034,242.565,211.623,246.733,279.329,59.3,62.6,5.2,,,,,,,
2015-08-01,25.1,238.033,242.817,208.579,247.295,279.921,59.4,62.6,5.1,,,,,,,
2015-09-01,25.11,237.498,243.316,197.246,247.984,280.737,59.2,62.4,5.0,,,,,,,
2015-10-01,25.2,237.733,243.768,195.616,248.288,281.429,59.3,62.5,5.0,,,,,,,
2015-11-01,25.25,238.017,244.241,195.114,248.075,282.129,59.4,62.5,5.1,,,,,,,
2015-12-01,25.25,237.761,244.547,190.143,247.761,282.779,59.6,62.7,5.0,,,,,,,
2016-01-01,25.37,237.652,244.955,185.235,247.967,283.714,59.7,62.7,4.8,1.2375025026943876,2.145022538582464,-7.3482188409711435,0.8963884051366389,3.2580924582001902,2.546483427647539,-0.9075200358880764
2016-02-01,25.38,237.336,245.51,176.401,248.244,284.502,59.8,62.8,4.9,0.8472775790126619,2.222573822094165,-13.11194408460208,0.8892284683161611,3.2787599375612597,2.3799919322307295,-1.375296243081503
2016-03-01,25.45,238.08,245.913,182.234,247.699,285.122,59.8,63.0,5.0,0.8916160965521946,2.142426948557663,-11.43241785212653,0.8197488654171137,3.208594864221137,2.4144869215291687,-1.2508108520054684
2016-04-01,25.53,238.992,246.551,186.713,247.906,285.853,59.7,62.9,5.1,1.1726257503534843,2.156654761214183,-8.283843459722862,0.9327606212975681,3.194911246448595,2.5713137806347985,-0.9840290108606986
2016-05-01,25.58,239.557,247.137,188.596,247.575,286.855,59.7,62.7,4.8,1.0784764621246223,2.2545595974976074,-9.751020466758863,0.6869036870744916,3.3622317349130126,2.4429315178213784,-1.176083135372985
2016-06-01,25.62,240.222,247.54,192.899,247.42,287.819,59.7,62.7,4.9,1.0792865347959424,2.2622116465067066,-9.01634318326533,0.3687462222781157,3.426355809173365,2.603123748498204,-1.1829251117107642
2016-07-01,25.69,240.101,247.829,189.046,247.406,288.524,59.8,62.8,4.8,0.8683633430518256,2.1701399624842965,-10.668500115771916,0.2727644863070644,3.291817176161449,2.7189124350259775,-1.301776619432471
2016-08-01,25.71,240.545,248.423,188.772,247.479,289.367,59.8,62.9,4.9,1.0553158595656864,2.3087345614186683,-9.496162125621478,0.07440506277929249,3.3745235262806483,2.430278884462145,-1.2534187018529819
2016-09-01,25.77,241.176,248.842,192.243,247.528,290.369,59.7,62.9,5.0,1.5486446201652182,2.271120682569183,-2.536426594202168,-0.18388283115040593,3.430969198929956,2.628434886499398,-0.722476062403965
2016-10-01,25.9,241.741,249.142,195.979,247.596,291.378,59.7,62.8,4.9,1.685924966243646,2.2045551507991146,0.18556764272861237,-0.2787085964686242,3.535172281463539,2.777777777777768,-0.5186301845554686
2016-11-01,25.9,242.026,249.481,196.372,247.525,292.227,59.7,62.7,4.7,1.6843334719788938,2.1454219398053587,0.6447512736144079,-0.22170714501662525,3.5792137639165,2.5742574257425765,-0.46108846782646484
2016-12-01,25.93,242.637,249.92,199.513,247.53,293.066,59.7,62.7,4.7,2.0507989115119862,2.197123661300271,4.927870076731722,-0.09323501277440638,3.637823176402777,2.6930693069306955,-0.1463247497882847
2017-01-01,26.0,243.618,250.467,205.369,247.9,293.769,59.9,62.8,4.7,2.5103933482571117,2.2502092221020176,10.86943612168325,-0.027019724398813505,3.5440619779073312,2.4832479306267308,0.2601841261550941
2017-02-01,26.07,244.006,250.998,204.133,248.513,294.543,60.0,62.9,4.6,2.8103616813294208,2.2353468290497336,15.720999314062833,0.10836112856704716,3.5293249256595827,2.7186761229314405,0.5750148522796872
2017-03-01,26.11,243.892,250.944,202.528,249.02,295.012,60.2,62.9,4.4,2.44119623655914,2.045845481938735,11.136231438699685,0.5333085720975905,3.4686905956046843,2.59332023575638,0.3953507546204049
2017-04-01,26.18,244.193,251.227,202.954,249.381,295.741,60.2,63.0,4.4,2.176223471915395,1.8965650108902388,8.698376652937934,0.5949835824869076,3.4591205969501715,2.5460242851547132,0.27965846102515624
2017-05-01,26.21,244.004,251.43,198.449,249.711,296.461,60.1,62.8,4.4,1.8563431667619756,1.7370931912259246,5.224395003075366,0.8627688579218473,3.3487301946976578,2.4628616106333157,0.11924997553605099
2017-06-01,26.26,244.163,251.746,197.808,249.519,297.215,60.1,62.8,4.3,1.640565809959127,1.6991193342490218,2.544855079601227,0.8483550238461035,3.2645516800489105,2.4980483996877467,-0.05855352428989491
2017-07-01,26.35,244.243,251.985,195.994,249.937,297.676,60.2,62.9,4.3,1.7251073506566073,1.6769627444729984,3.6752959597135204,1.0230148015812013,3.1720064881950893,2.5690930323083006,0.04814460618360883
2017-08-01,26.37,245.183,252.535,201.45,250.21,298.904,60.1,62.9,4.4,1.92812155729698,1.6552412618799472,6.716038395524748,1.1035279761111072,3.2958146575110314,2.5670945157526326,0.27288029541703285
2017-09-01,26.49,246.435,252.812,212.723,250.587,299.711,60.4,63.1,4.3,2.1805652303711787,1.5953898457655935,10.653183731007122,1.235819786044412,3.2172855917814935,2.7939464493597077,0.5851753846055852
2017-10-01,26.5,246.626,253.526,208.328,250.816,300.814,60.1,62.7,4.2,2.020757753132485,1.7596390813271245,6.301185331081394,1.3005056624501243,3.2384050957862343,2.316602316602312,0.2611186718053604
2017-11-01,26.54,247.284,253.816,213.047,250.996,301.43,60.1,62.7,4.2,2.172493864295566,1.7376072726981162,8.49153647159473,1.402282597717397,3.1492640994843057,2.471042471042484,0.4348865915974498
2017-12-01,26.63,247.805,254.344,213.574,251.49,302.428,60.1,62.7,4.1,2.129930719552253,1.770166453265043,7.0476610546681195,1.5998060841110107,3.194502262289056,2.699575780948704,0.35976426628721025
2018-01-01,26.72,248.859,255.204,216.855,252.116,303.213,60.1,62.7,4.0,2.151318868063945,1.8912671130328462,5.592859681840978,1.700685760387266,3.2147707892936417,2.7692307692307683,0.2600517550310988
2018-02-01,26.74,249.529,255.711,220.141,252.038,303.784,60.4,63.0,4.1,2.263468931091861,1.87770420481439,7.8419461821459535,1.4184368624579058,3.1374026882322825,2.5700038358266175,0.38576472627747105
2018-03-01,26.85,249.577,256.271,215.72,252.154,304.812,60.4,62.9,4.0,2.3309497646499366,2.1227843662331214,6.513667246010435,1.2585334511284074,3.3218987702195113,2.834163155878988,0.20816539841681525
2018-04-01,26.91,250.227,256.63,219.165,252.661,305.72,60.4,62.9,4.0,2.4709963021052994,2.150644636125887,7.987524266582557,1.315256575280399,3.3742362404942217,2.7883880825057217,0.32035166597941256
2018-05-01,26.98,250.792,257.145,221.045,252.634,306.808,60.5,62.9,3.8,2.781921607842497,2.272998448872432,11.386300762412493,1.1705531594523144,3.4901724004169132,2.9378099961846704,0.5089231589700649
2018-06-01,27.03,251.018,257.399,220.947,252.968,307.183,60.5,63.0,4.0,2.8075506935940187,2.245517307127032,11.697706867265234,1.382259467214908,3.3538011204010676,2.9322162985529365,0.5620333864669869
2018-07-01,27.1,251.214,257.699,219.929,253.365,308.05,60.6,63.0,3.8,2.854124785561929,2.267595293370639,12.212108533934707,1.3715456294986383,3.4849971109528477,2.8462998102466885,0.58652949219129
2018-08-01,27.21,251.663,257.891,222.781,253.677,309.004,60.3,62.6,3.8,2.6429238568742575,2.1208941334864617,10.58873169520973,1.3856360657048095,3.3790113213607142,3.1854379977246827,0.5220297233877957
2018-09-01,27.32,252.182,258.368,223.955,254.103,309.522,60.4,62.8,3.7,2.332055105808828,2.1976804898501623,5.280106053412181,1.4031055082665889,3.2734867922765476,3.133257833144598,0.13437461595866562
2018-10-01,27.37,252.772,258.917,226.022,254.012,310.401,60.5,62.9,3.8,2.492032470218053,2.126409125691242,8.493337429438185,1.2742408777749459,3.1870192211798543,3.2830188679245254,0.3656233445268109
2018-11-01,27.44,252.594,259.439,218.5,254.732,311.247,60.6,62.9,3.8,2.147328577667773,2.2153843729315836,2.5595291179880464,1.4884699357758713,3.25680920943503,3.3911077618688834,-0.06805579526381056
2018-12-01,27.56,252.767,260.063,213.63,255.681,312.132,60.6,63.0,3.9,2.0023809043401064,2.2485295505299874,0.02622042008857406,1.6664678516044473,3.208697607364397,3.4923019151333,-0.24614864618988097
2019-01-01,27.59,252.561,260.766,204.34,256.302,312.998,60.6,63.1,4.0,1.4875893578291333,2.1794329242488475,-5.771137395955817,1.660346824477621,3.2271043787700293,3.2559880239521055,-0.6918435664197142
2019-02-01,27.69,253.319,261.186,208.144,256.998,314.072,60.7,63.1,3.8,1.5188615351321877,2.1410889637129227,-5.449689062918761,1.9679572128012301,3.386616806678444,3.552729992520587,-0.622227428580735
2019-03-01,27.77,254.277,261.567,214.934,257.374,315.051,60.6,63.0,3.8,1.8831863513063984,2.06656235001228,-0.3643612089745951,2.070163471529307,3.3591197196960687,3.426443202979512,-0.1833759987058814
2019-04-01,27.79,255.233,261.997,222.42,257.018,316.172,60.5,62.8,3.7,2.000583470209061,2.0913377235709074,1.4851823968243139,1.724445007341835,3.4188146015962317,3.270159791898908,-0.09075425336184662
2019-05-01,27.88,255.296,262.217,220.523,257.523,317.03,60.6,62.9,3.6,1.7959105553606136,1.97242800754438,-0.23615100997533833,1.9352106208982311,3.3317253787384926,3.335804299481082,-0.17651745218376647
2019-06-01,27.97,255.213,262.739,214.926,257.664,317.949,60.7,63.0,3.6,1.671194894390049,2.0746001344216447,-2.7250879170117814,1.8563612788969452,3.504751239489168,3.4776174620791522,-0.4034052400315957
2019-07-01,28.03,255.802,263.28,216.696,257.836,318.777,60.8,63.1,3.7,1.826331335037068,2.1657049503490455,-1.4700198700489775,1.7646478400726195,3.4822269112157134,3.4317343173431825,-0.3393736153119775
2019-08-01,28.14,256.036,263.877,213.847,258.046,319.37,60.8,63.1,3.6,1.7376412106666406,2.321135673598529,-4.010216311085779,1.722268869467869,3.3546491307555826,3.4178610804851184,-0.5834944629318883
2019-09-01,28.16,256.43,264.388,213.015,258.575,320.436,61.0,63.2,3.5,1.6844977040391562,2.3300099083477743,-4.884909914938285,1.7599162544322589,3.52608215248027,3.0746705710102518,-0.6455122043086181
2019-10-01,28.24,257.155,264.97,215.268,259.088,320.862,61.0,63.3,3.6,1.7339736996186295,2.3378148209658223,-4.757943916963836,1.9983307875218514,3.3701566683097095,3.178662769455598,-0.6038411213471928
2019-11-01,28.34,257.879,265.548,217.488,259.624,321.611,61.0,63.3,3.6,2.092290394862917,2.3546960942649298,-0.4631578947368431,1.9204497275568055,3.329831291546581,3.279883381924198,-0.26240569940201297
2019-12-01,28.38,258.63,266.02,221.18,260.052,322.247,61.1,63.3,3.6,2.3195274699624457,2.2905988164406255,3.534147825679912,1.7095521372335165,3.2406161495777352,2.9753265602322276,0.02892865352182028
2020-01-01,28.43,259.127,266.716,220.147,260.858,323.487,61.1,63.3,3.6,2.599767976845202,2.2817391837892886,7.735636683958114,1.777590498708559,3.3511396238953717,3.0445813700616053,0.31802879305591336
2020-02-01,28.54,259.25,267.37,214.294,261.567,324.483,61.1,63.3,3.5,2.3413166797595197,2.3676613601035346,2.9546852179260563,1.7778348469637884,3.314845003693412,3.069700252798846,-0.026344680344014826
2020-03-01,28.73,258.076,267.054,201.681,262.239,324.54,59.8,62.6,4.4,1.4940399642909163,2.097741687598198,-6.166078889333459,1.8902453239254768,3.0118933125113267,3.4569679510262796,-0.6037017233072817
2020-04-01,30.04,256.032,265.746,182.586,265.777,324.391,51.2,60.1,14.8,0.3130472940411133,1.4309324152566472,-17.90936066900457,3.4079325183450138,2.5995344306263712,8.096437567470316,-1.1178851212155339
2020-05-01,29.72,255.802,265.412,180.04,267.464,324.973,52.7,60.8,13.2,0.1982013035848551,1.2184564692601985,-18.357722323748547,3.8602377263389887,2.505441125445551,6.599713055954082,-1.0202551656753434
2020-06-01,29.38,257.042,265.849,188.734,268.849,325.425,54.7,61.5,11.0,0.7166562831830481,1.1836841884912408,-12.186520011538848,4.340924615002484,2.3513204947963384,5.04111548087236,-0.4670279053081927
2020-07-01,29.39,258.352,267.389,191.966,267.824,326.249,55.2,61.5,10.2,0.9968647625897997,1.560695837131587,-11.412301103850552,3.873780232395796,2.3439583156877886,4.851944345344261,-0.5638310745417874
2020-08-01,29.49,259.316,268.422,193.307,268.271,326.782,56.5,61.7,8.4,1.2810698495523853,1.7223933878284248,-9.604997965835393,3.962471807352186,2.320819112627981,4.797441364605537,-0.44132353827603943
2020-09-01,29.51,259.997,268.933,196.705,268.354,327.043,56.6,61.4,7.8,1.3910228912373812,1.7190644053436621,-7.656737788418644,3.7818814657256006,2.0618781909648165,4.794034090909105,-0.3280415141062809
2020-10-01,29.54,260.319,269.306,196.113,269.007,327.421,57.5,61.7,6.9,1.2303863428671624,1.6364116692455521,-8.89821060259769,3.828428950781193,2.0441809874650163,4.603399433427757,-0.40602532637838973
2020-11-01,29.64,260.911,269.981,197.017,269.066,327.801,57.4,61.5,6.7,1.1757452138405844,1.6693780408814973,-9.412473331861992,3.6367978307090043,1.9246854118795786,4.587155963302747,-0.49363282704091294
2020-12-01,29.91,262.045,270.341,205.67,270.088,328.217,57.4,61.5,6.7,1.3204191315779434,1.624313961356294,-7.012388100189904,3.859228154369121,1.852616160895204,5.391120507399583,-0.3038948297783506
2021-01-01,29.93,262.687,270.387,212.47,270.499,328.535,57.4,61.4,6.4,1.3738437137002402,1.3763703714812836,-3.4872153606453793,3.6958805173696208,1.5604954758614786,5.276116778051354,-0.00252665778104344
2021-02-01,30.05,263.579,270.793,219.242,270.73,329.124,57.6,61.4,6.2,1.6698167791706853,1.280248344990098,2.3089773862077223,3.5031177480339792,1.4302752378398953,5.290819901892085,0.3895684341805872
2021-03-01,30.03,264.961,271.459,229.617,270.971,329.947,57.7,61.5,6.1,2.6678187820641908,1.6494791315614155,13.851577491186573,3.3297869500722665,1.6660504098108042,4.52488687782806,1.0183396505027753
2021-04-01,30.22,266.614,273.66,227.255,272.018,331.208,57.8,61.6,6.1,4.133077115360573,2.9780316542864504,24.46463584283569,2.348209212986818,2.1014763048296636,0.5992010652463353,1.1550454610741223
2021-05-01,30.41,268.383,275.465,229.854,273.181,332.111,58.0,61.6,5.8,4.918257089467626,3.7876961101984907,27.668295934236852,2.137483923070005,2.1964901699525807,2.3216689098250365,1.1305609792691351
2021-06-01,30.54,270.654,277.651,233.603,275.185,333.835,58.1,61.7,5.9,5.295632620349999,4.439362194328367,23.773670880710405,2.356713247957032,2.58431282169469,3.9482641252552853,0.8562704260216325
2021-07-01,30.66,271.903,278.648,236.488,276.895,335.446,58.4,61.8,5.4,5.245169381309234,4.210719214328185,23.192648698206963,3.3869257422785015,2.8190124720688825,4.321197686287848,1.034450166981049
2021-08-01,30.78,272.676,278.997,240.692,278.084,336.022,58.6,61.7,5.1,5.152015301793966,3.9396919775577244,24.51282157397301,3.6578683495420705,2.8275731221425904,4.374364191251279,1.212323324236242
2021-09-01,30.98,273.91,279.698,245.302,280.322,337.357,58.8,61.7,4.7,5.351215590949132,4.002855729865806,24.705523499656845,4.4597807373842,3.1537137318334407,4.98136225008472,1.3483598610833258
2021-10-01,31.14,276.55,281.668,254.756,282.727,338.948,59.0,61.8,4.5,6.235042390298062,4.590317334184912,29.902658161366148,5.100239027237197,3.5205438869223338,5.416384563304,1.64472505611315
2021-11-01,31.23,278.919,283.406,263.798,284.767,340.544,59.3,61.9,4.1,6.901970403700863,4.972572143965692,33.896059730886165,5.835371247203303,3.8874195014658275,5.3643724696356365,1.929398259735171
2021-12-01,31.39,280.845,285.18,267.899,286.343,341.931,59.5,62.0,3.9,7.174340285065539,5.488993530393094,30.25672193319395,6.018408814904763,4.178333236852438,4.948177866934134,1.6853467546724454
2022-01-01,31.6,282.543,286.757,270.189,288.549,342.858,59.7,62.2,4.0,7.558805726967832,6.05428515424189,27.16571751306067,6.672852764705217,4.359657266349082,5.579685933845635,1.5045205727259425
2022-02-01,31.64,284.5,288.273,275.322,291.342,344.705,59.9,62.3,3.9,7.937278766517819,6.4551151617656455,25.579040512310613,7.613489454437983,4.7340819873360696,5.291181364392683,1.4821636047521736
2022-03-01,31.8,287.674,289.056,303.099,293.893,346.396,60.1,62.4,3.7,8.572204966013853,6.482378554404167,32.001985915676975,8.459207811906055,4.985346131348378,5.894105894105883,2.0898264116096863
2022-04-01,31.96,288.561,290.514,295.455,296.568,348.23,59.9,62.2,3.7,8.231750770777225,6.158737119052837,30.010340806582914,9.025138042335445,5.139368614284678,5.757776307081408,2.073013651724388
2022-05-01,32.1,291.298,292.063,309.052,299.817,350.204,60.1,62.3,3.6,8.538171195642065,6.0254478790408905,34.45578497655033,9.750312064162593,5.447877366302234,5.557382439986847,2.512723316601174
2022-06-01,32.19,294.957,294.05,330.456,302.774,352.616,59.9,62.2,3.6,8.979361103105798,5.906335651591377,41.460512065341625,10.025619128949614,5.625833121152657,5.402750491159125,3.0730254515144217
2022-07-01,32.34,294.913,295.088,314.345,305.962,354.68,60.0,62.1,3.5,8.462576727730099,5.899916740834321,32.92217786949021,10.497480994600838,5.733858802907177,5.47945205479452,2.5626599868957776
2022-08-01,32.44,295.097,296.535,298.331,308.475,357.048,60.1,62.3,3.6,8.222579178218826,6.286089097732228,23.947202233559906,10.928712187684297,6.257328389212624,5.393112410656253,1.9364900804865979
2022-09-01,32.57,296.349,298.226,294.103,310.453,359.601,60.1,62.2,3.5,8.192106896425821,6.624287624509306,19.89425279859114,10.748710411598083,6.59360855117872,5.132343447385401,1.5678192719165152
2022-10-01,32.7,298.007,299.399,299.945,312.594,362.353,60.0,62.2,3.6,7.758813957693,6.294999786983246,17.738149444959106,10.563900865499232,6.905188996542244,5.009633911368017,1.463814170709754
2022-11-01,32.82,298.786,300.325,298.107,314.179,364.695,59.9,62.1,3.6,7.122856456533988,5.969880665899807,13.005784729224645,10.328443955935906,7.091888272881031,5.091258405379451,1.1529757906341809
2022-12-01,32.94,298.832,301.394,286.33,315.367,367.466,60.1,62.3,3.5,6.404600402357152,5.685531944736666,6.879831578318685,10.136095521804279,7.467880946740735,4.937878305192722,0.7190684576204864
2023-01-01,33.02,300.42,302.642,292.615,316.859,369.911,60.2,62.4,3.5,6.327178517960097,5.539533472591773,8.300115844834544,9.81115859004884,7.890438607236816,4.493670886075951,0.7876450453683237
2023-02-01,33.15,301.45,304.123,288.702,318.025,372.636,60.3,62.5,3.6,5.957820738137087,5.498260329618088,4.859764203369155,9.158652030946435,8.10287057048782,4.772439949431084,0.4595604085189997
2023-03-01,33.27,301.821,305.147,282.868,318.05,374.678,60.4,62.6,3.5,4.917719362889961,5.566741392671326,-6.6747168416919855,8.219658174914013,8.164643933532712,4.622641509433967,-0.6490220297813654
2023-04-01,33.43,302.845,306.534,280.86,318.755,376.404,60.4,62.6,3.4,4.950079879124369,5.514364195873522,-4.939838554094522,7.481252191740184,8.09062975619561,4.599499374217775,-0.5642843167491529
2023-05-01,33.5,303.334,307.652,274.273,319.587,378.304,60.3,62.6,3.6,4.131851231385042,5.337547036084689,-11.253446022028657,6.594022353635709,8.023894644264473,4.361370716510904,-1.2056958046996469
2023-06-01,33.69,304.014,308.322,275.712,319.942,380.155,60.3,62.6,3.6,3.070617072997095,4.853596327155252,-16.566199433510064,5.670235885511965,7.809912199106117,4.659832246039142,-1.7829792541581568
2023-07-01,33.85,304.609,308.96,275.548,320.719,381.895,60.4,62.6,3.5,3.287749268428297,4.700970557935236,-12.342171817588966,4.823147972624042,7.673113792714559,4.669140383426096,-1.4132212895069385
2023-08-01,33.89,306.082,309.58,287.31,321.524,382.947,60.4,62.8,3.7,3.722504803505289,4.399143440066089,-3.694218837465768,4.230164519004775,7.2536465685286045,4.469790382244154,-0.6766386365608001
2023-09-01,34.01,307.276,310.539,292.623,321.945,385.285,60.4,62.7,3.7,3.687206638119256,4.128747996485882,-0.5032250606080257,3.7016875340228683,7.142360560732608,4.421246545901125,-0.4415413583666261
2023-10-01,34.08,307.696,311.457,286.765,322.992,386.771,60.2,62.6,3.9,3.2512659098611785,4.027401561127464,-4.3941389254696706,3.326359431083148,6.738732672283665,4.220183486238516,-0.7761356512662854
2023-11-01,34.17,308.148,312.392,282.146,323.41,388.525,60.4,62.8,3.7,3.1333462745911866,4.017980521102138,-5.354117816757076,2.938133993678771,6.5342272309738325,4.113345521023781,-0.8846342465109513
2023-12-01,34.29,308.741,313.195,280.763,323.891,390.139,60.1,62.5,3.8,3.3159099427102934,3.9154727698627045,-1.944260119442609,2.7028826732029776,6.170094648212343,4.098360655737721,-0.5995628271524112
2024-01-01,34.47,309.698,314.319,279.953,324.873,392.322,60.2,62.5,3.7,3.0883429864855705,3.8583540949372663,-4.327187601455851,2.5292006854783944,6.05848433812457,4.391278013325239,-0.7700111084516958
2024-02-01,34.52,310.967,315.564,283.331,325.168,394.078,60.2,62.6,3.9,3.157074141648697,3.7619647313751337,-1.8603958406938625,2.246049838849151,5.754140770081251,4.132730015082964,-0.6048905897264367
2024-03-01,34.65,312.345,316.792,288.688,325.24,395.827,60.3,62.7,3.9,3.4868349120836584,3.8161935067360986,2.057496782951773,2.260650841062728,5.644580146152167,4.147880973850304,-0.3293585946524402
2024-04-01,34.76,313.023,317.649,287.611,325.894,397.196,60.2,62.6,3.9,3.3607951262196734,3.6260251717590952,2.403688670511994,2.2396511427271726,5.523852031328058,3.9784624588692807,-0.26523004553942187
2024-05-01,34.89,313.175,318.095,284.165,326.385,398.689,60.1,62.6,3.9,3.244278584003113,3.394419668976645,3.6066255154535876,2.1271203146560946,5.388523515479626,4.149253731343294,-0.15014108497353185
2024-06-01,35.01,313.044,318.39,278.284,327.042,399.699,60.0,62.6,4.1,2.9702579486470926,3.2654173234475614,0.93285747446612,2.219152221340104,5.141060883060877,3.918076580587715,-0.29515937480046883
2024-07-01,35.08,313.569,318.94,278.287,327.74,401.139,60.0,62.7,4.2,2.9414757935583014,3.2301916105644812,0.9940191908487828,2.189143767597179,5.0390814229042125,3.633677991137363,-0.2887158170061799
2024-08-01,35.22,314.062,319.75,275.706,328.154,402.895,60.0,62.7,4.2,2.607144490692037,3.2850959364300047,-4.038843061501507,2.0620544656075435,5.209075929567275,3.9244614930658006,-0.6779514457379676
2024-09-01,35.34,314.732,320.732,272.681,329.109,403.956,60.1,62.7,4.1,2.4264830315416708,3.2823574494668994,-6.814912019902741,2.225224805479198,4.846023073828465,3.9106145251396773,-0.8558744179252287
2024-10-01,35.46,315.631,321.731,273.003,329.851,405.721,60.0,62.5,4.1,2.578844053871343,3.298689706765301,-4.799051488152317,2.1235820082231127,4.89954003790356,4.049295774647899,-0.7198456528939579
2024-11-01,35.6,316.528,322.657,273.281,330.937,407.114,59.8,62.4,4.2,2.719472461284833,3.2859356193500444,-3.141990317069887,2.3273862898487874,4.784505501576475,4.184957565115588,-0.5664631580652113
2024-12-01,35.69,317.604,323.259,279.829,331.65,408.165,59.9,62.5,4.1,2.870690967509981,3.2133335461932644,-0.3326649166734863,2.395558999786962,4.620404522490706,4.082822980460765,-0.3426425786832832
