date,cpi_all_items,cpi_core,unemp_rate,headline_yoy_pct,headline_mom_pct,core_yoy_pct,core_mom_pct,headline_minus_core_yoy
2015-01-01,234.747,239.811,5.7,,,,,
2015-02-01,235.342,240.172,5.5,,0.25346436802173855,,0.15053521314700724,
2015-03-01,235.976,240.755,5.4,,0.26939517808124425,,0.2427427010642358,
2015-04-01,236.222,241.346,5.4,,0.10424788961589382,,0.2454777678552844,
2015-05-01,237.001,241.688,5.6,,0.3297745341246827,,0.14170526961292396,
2015-06-01,237.657,242.064,5.3,,0.27679208104607333,,0.15557247360233895,
2015-07-01,238.034,242.565,5.2,,0.15863197801873063,,0.20697005750545117,
2015-08-01,238.033,242.817,5.1,,-0.000420108051790713,,0.10388967905510249,
2015-09-01,237.498,243.316,5.0,,-0.22475875193775918,,0.20550455692969205,
2015-10-01,237.733,243.768,5.0,,0.09894820166906904,,0.18576665735092757,
2015-11-01,238.017,244.241,5.1,,0.11946174910508756,,0.19403695316859704,
2015-12-01,237.761,244.547,5.0,,-0.10755534268560574,,0.1252860903779407,
2016-01-01,237.652,244.955,4.8,1.2375025026943876,-0.04584435630738959,2.145022538582464,0.16683909432542166,-0.9075200358880764
2016-02-01,237.336,245.51,4.9,0.8472775790126619,-0.13296753235823022,2.222573822094165,0.22657222755197992,-1.375296243081503
2016-03-01,238.08,245.913,5.0,0.8916160965521946,0.31347962382444194,2.142426948557663,0.164148099873751,-1.2508108520054684
2016-04-01,238.992,246.551,5.1,1.1726257503534843,0.38306451612901693,2.156654761214183,0.25944134714308564,-0.9840290108606986
2016-05-01,239.557,247.137,4.8,1.0784764621246223,0.23640958693178504,2.2545595974976074,0.2376790197565759,-1.176083135372985
2016-06-01,240.222,247.54,4.9,1.0792865347959424,0.2775957287827202,2.2622116465067066,0.1630674484192962,-1.1829251117107642
2016-07-01,240.101,247.829,4.8,0.8683633430518256,-0.05037007434789409,2.1701399624842965,0.11674880827341472,-1.301776619432471
2016-08-01,240.545,248.423,4.9,1.0553158595656864,0.18492217858316895,2.3087345614186683,0.23968139321870474,-1.2534187018529819
2016-09-01,241.176,248.842,5.0,1.5486446201652182,0.26232097944252075,2.271120682569183,0.16866393208359032,-0.722476062403965
2016-10-01,241.741,249.142,4.9,1.685924966243646,0.23426874979268764,2.2045551507991146,0.12055842663214467,-0.5186301845554686
2016-11-01,242.026,249.481,4.7,1.6843334719788938,0.11789477167711837,2.1454219398053587,0.13606698188182165,-0.46108846782646484
2016-12-01,242.637,249.92,4.7,2.0507989115119862,0.2524522158776188,2.197123661300271,0.17596530397103738,-0.1463247497882847
2017-01-01,243.618,250.467,4.7,2.5103933482571117,0.4043076694815628,2.2502092221020176,0.2188700384122999,0.2601841261550941
2017-02-01,244.006,250.998,4.6,2.8103616813294208,0.15926573570097524,2.2353468290497336,0.21200397657175074,0.5750148522796872
2017-03-01,243.892,250.944,4.4,2.44119623655914,-0.04672016261895173,2.045845481938735,-0.021514115650322907,0.3953507546204049
2017-04-01,244.193,251.227,4.4,2.176223471915395,0.12341528217407749,1.8965650108902388,0.11277416475390378,0.27965846102515624
2017-05-01,244.004,251.43,4.4,1.8563431667619756,-0.07739779600562935,1.7370931912259246,0.08080341683018855,0.11924997553605099
2017-06-01,244.163,251.746,4.3,1.640565809959127,0.0651628661825221,1.6991193342490218,0.12568110408464062,-0.05855352428989491
2017-07-01,244.243,251.985,4.3,1.7251073506566073,0.03276499715354486,1.6769627444729984,0.09493696026947607,0.04814460618360883
2017-08-01,245.183,252.535,4.4,1.92812155729698,0.38486261632881824,1.6552412618799472,0.2182669603349341,0.27288029541703285
2017-09-01,246.435,252.812,4.3,2.1805652303711787,0.5106389920997767,1.5953898457655935,0.10968776605224662,0.5851753846055852
2017-10-01,246.626,253.526,4.2,2.020757753132485,0.07750522450138408,1.7596390813271245,0.2824233026913259,0.2611186718053604
2017-11-01,247.284,253.816,4.2,2.172493864295566,0.2668007428251684,1.7376072726981162,0.11438669012251435,0.4348865915974498
2017-12-01,247.805,254.344,4.1,2.129930719552253,0.21068892447551058,1.770166453265043,0.20802471081413643,0.35976426628721025
2018-01-01,248.859,255.204,4.0,2.151318868063945,0.42533443635115464,1.8912671130328462,0.33812474444061547,0.2600517550310988
2018-02-01,249.529,255.711,4.1,2.263468931091861,0.26922876006090224,1.87770420481439,0.1986645977335888,0.38576472627747105
2018-03-01,249.577,256.271,4.0,2.3309497646499366,0.0192362410782021,2.1227843662331214,0.21899722733866867,0.20816539841681525
2018-04-01,250.227,256.63,4.0,2.4709963021052994,0.2604406656061986,2.150644636125887,0.1400860807504456,0.32035166597941256
2018-05-01,250.792,257.145,3.8,2.781921607842497,0.2257949781598212,2.272998448872432,0.20067801893777215,0.5089231589700649
2018-06-01,251.018,257.399,4.0,2.8075506935940187,0.09011451720948305,2.245517307127032,0.0987769546364925,0.5620333864669869
2018-07-01,251.214,257.699,3.8,2.854124785561929,0.07808204989283585,2.267595293370639,0.11655056934953834,0.58652949219129
2018-08-01,251.663,257.891,3.8,2.6429238568742575,0.17873207703393845,2.1208941334864617,0.07450552776688824,0.5220297233877957
2018-09-01,252.182,258.368,3.7,2.332055105808828,0.2062281702117419,2.1976804898501623,0.18496186373311296,0.13437461595866562
2018-10-01,252.772,258.917,3.8,2.492032470218053,0.2339580144498754,2.126409125691242,0.212487614565271,0.3656233445268109
2018-11-01,252.594,259.439,3.8,2.147328577667773,-0.07041919199911595,2.2153843729315836,0.2016090098371448,-0.06805579526381056
2018-12-01,252.767,260.063,3.9,2.0023809043401064,0.06848935445813442,2.2485295505299874,0.24051896592260924,-0.24614864618988097
2019-01-01,252.561,260.766,4.0,1.4875893578291333,-0.08149798035343991,2.1794329242488475,0.270319114983697,-0.6918435664197142
2019-02-01,253.319,261.186,3.8,1.5188615351321877,0.3001255142321968,2.1410889637129227,0.16106394238510902,-0.622227428580735
2019-03-01,254.277,261.567,3.8,1.8831863513063984,0.37817929172307974,2.06656235001228,0.1458730559831034,-0.1833759987058814
2019-04-01,255.233,261.997,3.7,2.000583470209061,0.3759679404743643,2.0913377235709074,0.1643938264383582,-0.09075425336184662
2019-05-01,255.296,262.217,3.6,1.7959105553606136,0.02468332856644384,1.97242800754438,0.08397042714227698,-0.17651745218376647
2019-06-01,255.213,262.739,3.6,1.671194894390049,-0.03251128102280676,2.0746001344216447,0.1990717611749071,-0.4034052400315957
2019-07-01,255.802,263.28,3.7,1.826331335037068,0.23078761661827762,2.1657049503490455,0.2059077639787077,-0.3393736153119775
2019-08-01,256.036,263.877,3.6,1.7376412106666406,0.09147700174354512,2.321135673598529,0.2267547857794039,-0.5834944629318883
2019-09-01,256.43,264.388,3.5,1.6844977040391562,0.1538846099767177,2.3300099083477743,0.19365082974263093,-0.6455122043086181
2019-10-01,257.155,264.97,3.6,1.7339736996186295,0.2827282299262768,2.3378148209658223,0.2201310195621753,-0.6038411213471928
2019-11-01,257.879,265.548,3.6,2.092290394862917,0.281542260504386,2.3546960942649298,0.2181379024040364,-0.26240569940201297
2019-12-01,258.63,266.02,3.6,2.3195274699624457,0.29122185210892493,2.2905988164406255,0.17774564297226014,0.02892865352182028
2020-01-01,259.127,266.716,3.6,2.599767976845202,0.19216641534238743,2.2817391837892886,0.2616344635741674,0.31802879305591336
2020-02-01,259.25,267.37,3.5,2.3413166797595197,0.04746707213065804,2.3676613601035346,0.2452046371421268,-0.026344680344014826
2020-03-01,258.076,267.054,4.4,1.4940399642909163,-0.4528447444551498,2.097741687598198,-0.11818827841568735,-0.6037017233072817
2020-04-01,256.032,265.746,14.8,0.3130472940411133,-0.7920147553434065,1.4309324152566472,-0.48978858208451603,-1.1178851212155339
2020-05-01,255.802,265.412,13.2,0.1982013035848551,-0.08983252093487382,1.2184564692601985,-0.12568392374673332,-1.0202551656753434
2020-06-01,257.042,265.849,11.0,0.7166562831830481,0.4847499237691677,1.1836841884912408,0.16464967672902286,-0.4670279053081927
2020-07-01,258.352,267.389,10.2,0.9968647625897997,0.5096443382793581,1.560695837131587,0.5792762056656242,-0.5638310745417874
2020-08-01,259.316,268.422,8.4,1.2810698495523853,0.3731343283582156,1.7223933878284248,0.38632853258735445,-0.44132353827603943
2020-09-01,259.997,268.933,7.8,1.3910228912373812,0.2626139536318739,1.7190644053436621,0.19037187711885561,-0.3280415141062809
2020-10-01,260.319,269.306,6.9,1.2303863428671624,0.1238475828567287,1.6364116692455521,0.1386962552011095,-0.40602532637838973
2020-11-01,260.911,269.981,6.7,1.1757452138405844,0.2274132890799363,1.6693780408814973,0.25064424854999157,-0.49363282704091294
2020-12-01,262.045,270.341,6.7,1.3204191315779434,0.4346309661148906,1.624313961356294,0.13334271670970566,-0.3038948297783506
2021-01-01,262.687,270.387,6.4,1.3738437137002402,0.24499608845809373,1.3763703714812836,0.017015547031329348,-0.00252665778104344
2021-02-01,263.579,270.793,6.2,1.6698167791706853,0.33956762230333837,1.280248344990098,0.15015514799159302,0.3895684341805872
2021-03-01,264.961,271.459,6.1,2.6678187820641908,0.524320981565296,1.6494791315614155,0.2459443190924393,1.0183396505027753
2021-04-01,266.614,273.66,6.1,4.133077115360573,0.6238653990587206,2.9780316542864504,0.8108038414641028,1.1550454610741223
2021-05-01,268.383,275.465,5.8,4.918257089467626,0.6635060424433847,3.7876961101984907,0.6595775780164903,1.1305609792691351
2021-06-01,270.654,277.651,5.9,5.295632620349999,0.8461787818155431,4.439362194328367,0.7935672408473149,0.8562704260216325
2021-07-01,271.903,278.648,5.4,5.245169381309234,0.4614747980816958,4.210719214328185,0.359083885885525,1.034450166981049
2021-08-01,272.676,278.997,5.1,5.152015301793966,0.2842925602144719,3.9396919775577244,0.1252476242427747,1.212323324236242
2021-09-01,273.91,279.698,4.7,5.351215590949132,0.4525517463950024,4.002855729865806,0.25125718197684943,1.3483598610833258
2021-10-01,276.55,281.668,4.5,6.235042390298062,0.9638202329232071,4.590317334184912,0.704331099972122,1.64472505611315
2021-11-01,278.919,283.406,4.1,6.901970403700863,0.8566262881938069,4.972572143965692,0.6170384992260303,1.929398259735171
2021-12-01,280.845,285.18,3.9,7.174340285065539,0.6905230550805275,5.488993530393094,0.6259571074712644,1.6853467546724454
2022-01-01,282.543,286.757,4.0,7.558805726967832,0.6046039630400957,6.05428515424189,0.5529840802300345,1.5045205727259425
2022-02-01,284.5,288.273,3.9,7.937278766517819,0.6926379347568234,6.4551151617656455,0.5286706165847699,1.4821636047521736
2022-03-01,287.674,289.056,3.7,8.572204966013853,1.115641476274165,6.482378554404167,0.27161752921707194,2.0898264116096863
2022-04-01,288.561,290.514,3.7,8.231750770777225,0.30833512934780316,6.158737119052837,0.5044005313849409,2.073013651724388
2022-05-01,291.298,292.063,3.6,8.538171195642065,0.9484996239963239,6.0254478790408905,0.5331928925972562,2.512723316601174
2022-06-01,294.957,294.05,3.6,8.979361103105798,1.2561019986405686,5.906335651591377,0.6803326679517774,3.0730254515144217
2022-07-01,294.913,295.088,3.5,8.462576727730099,-0.014917428642136077,5.899916740834321,0.35300119027377175,2.5626599868957776
2022-08-01,295.097,296.535,3.6,8.222579178218826,0.062391281496565476,6.286089097732228,0.4903621970395289,1.9364900804865979
2022-09-01,296.349,298.226,3.5,8.192106896425821,0.42426727482827165,6.624287624509306,0.5702530898544778,1.5678192719165152
2022-10-01,298.007,299.399,3.6,7.758813957693,0.5594754832984217,6.294999786983246,0.3933258669599482,1.463814170709754
2022-11-01,298.786,300.325,3.6,7.122856456533988,0.2614032556282231,5.969880665899807,0.30928627016122423,1.1529757906341809
2022-12-01,298.832,301.394,3.5,6.404600402357152,0.01539563433359259,5.685531944736666,0.35594772329976543,0.7190684576204864
2023-01-01,300.42,302.642,3.5,6.327178517960097,0.5314022594635093,5.539533472591773,0.4140759271916483,0.7876450453683237
2023-02-01,301.45,304.123,3.6,5.957820738137087,0.3428533386591992,5.498260329618088,0.4893570621394172,0.4595604085189997
2023-03-01,301.821,305.147,3.5,4.917719362889961,0.12307181953890023,5.566741392671326,0.3367058722950844,-0.6490220297813654
2023-04-01,302.845,306.534,3.4,4.950079879124369,0.3392739405144063,5.514364195873522,0.4545350273802429,-0.5642843167491529
2023-05-01,303.334,307.652,3.6,4.131851231385042,0.1614687381333635,5.337547036084689,0.3647229997324919,-1.2056958046996469
2023-06-01,304.014,308.322,3.6,3.070617072997095,0.224175331482801,4.853596327155252,0.2177785289873002,-1.7829792541581568
2023-07-01,304.609,308.96,3.5,3.287749268428297,0.1957146710348745,4.700970557935236,0.20692652486684615,-1.4132212895069385
2023-08-01,306.082,309.58,3.7,3.722504803505289,0.4835707415079771,4.399143440066089,0.20067322630761275,-0.6766386365608001
2023-09-01,307.276,310.539,3.7,3.687206638119256,0.3900915440960384,4.128747996485882,0.3097745332385715,-0.4415413583666261
2023-10-01,307.696,311.457,3.9,3.2512659098611785,0.13668493471667986,4.027401561127464,0.29561504352111356,-0.7761356512662854
2023-11-01,308.148,312.392,3.7,3.1333462745911866,0.14689823722116024,4.017980521102138,0.30020195404181216,-0.8846342465109513
2023-12-01,308.741,313.195,3.8,3.3159099427102934,0.1924399963653789,3.9154727698627045,0.25704883607775564,-0.5995628271524112
2024-01-01,309.698,314.319,3.7,3.0883429864855705,0.30996854969052023,3.8583540949372663,0.3588818467727739,-0.7700111084516958
2024-02-01,310.967,315.564,3.9,3.157074141648697,0.40975401843086345,3.7619647313751337,0.39609441363710474,-0.6048905897264367
2024-03-01,312.345,316.792,3.9,3.4868349120836584,0.4431338373525273,3.8161935067360986,0.3891445158509699,-0.3293585946524402
2024-04-01,313.023,317.649,3.9,3.3607951262196734,0.21706766556210955,3.6260251717590952,0.27052450819466944,-0.26523004553942187
2024-05-01,313.175,318.095,3.9,3.244278584003113,0.04855873210594108,3.394419668976645,0.14040654936740005,-0.15014108497353185
2024-06-01,313.044,318.39,4.1,2.9702579486470926,-0.041829647960411886,3.2654173234475614,0.09273959037392476,-0.29515937480046883
2024-07-01,313.569,318.94,4.2,2.9414757935583014,0.16770805381991494,3.2301916105644812,0.17274411884795615,-0.2887158170061799
2024-08-01,314.062,319.75,4.2,2.607144490692037,0.1572221743858515,3.2850959364300047,0.25396626324700744,-0.6779514457379676
2024-09-01,314.732,320.732,4.1,2.4264830315416708,0.2133336729690294,3.2823574494668994,0.30711493354182995,-0.8558744179252287
2024-10-01,315.631,321.731,4.1,2.578844053871343,0.2856398459641696,3.298689706765301,0.3114750009353573,-0.7198456528939579
2024-11-01,316.528,322.657,4.2,2.719472461284833,0.28419261732848256,3.2859356193500444,0.28781808405158316,-0.5664631580652113
2024-12-01,317.604,323.259,4.1,2.870690967509981,0.3399383308901438,3.2133335461932644,0.18657583749928097,-0.3426425786832832
